family,param,edges,gamma_uniform,gamma_min_ratio2,gamma_min_ratio10,gamma_min_ratio100
complete K_n,3,3,0.9999999999999997,0.9999999999999993,0.999999999999999,0.9999999999999963
complete K_n,4,6,0.6249999999999997,0.4365435309519195,0.07634727709528882,0.00012580486057834858
complete K_n,5,10,0.5999999999999998,0.31892085731902575,0.0641821266748272,0.0002427826517330924
complete K_n,6,15,0.5833333333333304,0.3115617807799067,0.055054313861767304,0.0005855629638205019
complete K_n,7,21,0.5714285714285635,0.2959924457541839,0.06861944037999368,0.0005711930086421536
complete K_n,8,28,0.5624999999999992,0.3153191348298361,0.05766189723389952,0.00173102449561963
complete K_n,9,36,0.5555555555555496,0.2970272715112693,0.06020301616880259,0.003228827983907441
complete K_n,10,45,0.5499999999999862,0.2945013486511405,0.04812382890392332,0.00324678800875678
complete K_n,11,55,0.5454545454545349,0.31446234369785386,0.07270570007292822,0.0029258913314184638
complete K_n,12,66,0.5416666666666535,0.302241510110069,0.07814207244709745,0.0015311868565022178
complete K_n,13,78,0.5384615384615214,0.31914972375325407,0.0633300956228216,0.0220260000570925
complete K_n,14,91,0.535714285714247,0.31964797708434123,0.07334494230296716,0.004947862597607052
complete K_n,15,105,0.533333333333284,0.31066858542655473,0.08671194096639526,0.017278709117027568
complete K_n,16,120,0.5312499999999643,0.3164297098418,0.0817807754214088,0.018526227078762444
complete K_n,17,136,0.5294117647058618,0.3129662727001472,0.08991402562141712,0.021037370846884156
complete K_n,18,153,0.5277777777777358,0.3304657414854906,0.10501881289835144,0.020523406311790515
complete K_n,19,171,0.5263157894736459,0.3136988817586685,0.10831892742704953,0.016093314274609798
complete K_n,20,190,0.5249999999999029,0.3314819848271299,0.11365106851292543,0.021619977376545904
complete K_n,21,210,0.5238095238094612,0.3421797853290807,0.11851175253142424,0.0341852779110772
complete K_n,22,231,0.522727272727201,0.32961716821484294,0.1076741102863859,0.014316692373780469
"bipartite K_{m,m}",2,4,0.9999999999999992,0.43345245363279855,0.01700945072770545,1.15918261594136e-05
"bipartite K_{m,m}",3,9,0.7999999999999987,0.4399875574936207,0.021672999195605558,5.320512823508444e-05
"bipartite K_{m,m}",4,16,0.7142857142857124,0.4239868234159628,0.03515980522111241,5.6995823006403376e-05
"bipartite K_{m,m}",5,25,0.6666666666666659,0.3641406766441183,0.027405481925927913,0.0007645989881928839
"bipartite K_{m,m}",6,36,0.6363636363636315,0.3765963085073511,0.06680559271957857,0.0007557070961438408
"bipartite K_{m,m}",7,49,0.6153846153846061,0.3720692331289602,0.08096736473137199,0.0008099126294446703
"bipartite K_{m,m}",8,64,0.5999999999999882,0.347851776561877,0.08887195726310852,0.0021440074171123384
"bipartite K_{m,m}",9,81,0.5882352941176285,0.3453693207847173,0.09147445079540015,0.00314496648098978
"bipartite K_{m,m}",10,100,0.5789473684210255,0.35596557546678587,0.11374952506138357,0.005567041407576932
"bipartite K_{m,m}",11,121,0.5714285714285546,0.3401272646340416,0.12635262744836928,0.008110238612474771
"bipartite K_{m,m}",12,144,0.5652173913042385,0.34730746093618986,0.11055894790459411,0.013424335174774506
"bipartite K_{m,m}",13,169,0.559999999999926,0.3624463894961653,0.12431967565805327,0.01715751417725261
"bipartite K_{m,m}",14,196,0.5555555555554993,0.35981959227768096,0.11947634460714841,0.019929678888241317
"bipartite K_{m,m}",15,225,0.551724137930966,0.3556244785969048,0.10150624843680255,0.026363411216975424
cycle C_n,3,3,0.9999999999999997,0.9999999999999996,0.9999999999999986,0.9999999999995532
cycle C_n,9,9,0.9999999999999984,0.22938259459482757,0.001711771070121619,1.186198849676511e-06
cycle C_n,15,15,0.9999999999999992,0.17422767604129583,0.0014892189703032926,1.9243557801639675e-07
cycle C_n,21,21,0.9999999999999982,0.1879359817012677,0.0009187354699944953,2.8108551942798784e-07
cycle C_n,27,27,0.9999999999999943,0.18626196253828378,0.0011144592648616634,1.350339146651241e-07
cycle C_n,33,33,0.9999999999999921,0.16723855304032936,0.0007248899486563899,1.2752550595590871e-07
cycle C_n,39,39,0.9999999999999923,0.15212880977553397,0.0008165696816717292,1.226677286983574e-07
cycle C_n,45,45,0.9999999999999819,0.16161046989282007,0.0009096542888857524,2.4189780465692836e-07
cycle C_n,51,51,0.9999999999999872,0.17685377194845608,0.0009601832715932629,1.810433075324963e-07
cycle C_n,57,57,0.9999999999999828,0.1655182166204916,0.0008076607887787553,1.5731408752519148e-07
cycle C_n,63,63,0.9999999999999842,0.16797639340033627,0.0006011748608296992,2.0784069361426545e-07
cycle C_n,69,69,0.9999999999999701,0.17835612996885566,0.0008753273716151935,2.0724242136689265e-07
cycle C_n,75,75,0.9999999999999801,0.16124342140413583,0.0009031758113898279,2.0561273991992856e-07
cycle C_n,81,81,0.9999999999999714,0.15237738110188945,0.0007229119517865081,1.4357648229847757e-07
cycle C_n,87,87,0.999999999999979,0.16854127595950047,0.0007654941619394998,1.8191251019566656e-07
cycle C_n,93,93,0.9999999999999281,0.16948013916172575,0.0006345036928113404,1.3209831927839306e-07
cycle C_n,99,99,0.9999999999999586,0.16330654550450124,0.0006965373558348227,1.763233617852356e-07
cycle C_n,105,105,0.9999999999999484,0.1630560114859086,0.000745386453589189,1.9530708025493547e-07
cycle C_n,111,111,0.9999999999999502,0.170911848469786,0.0007165536936550006,1.7493152311436164e-07
cycle C_n,117,117,0.9999999999999657,0.1784413881363397,0.0006947433898636925,1.1751196526448555e-07
square grid m x m,2,4,0.9999999999999996,0.5513228577423817,0.05648069962355524,0.0010501857983480057
square grid m x m,3,12,0.682536184301042,0.27681139299684004,0.005819400538740619,1.0648183042850402e-06
square grid m x m,4,24,0.6315295356826964,0.2325835872731914,0.0070213408352506924,1.575135054961047e-06
square grid m x m,5,40,0.6087417301172489,0.25533156735634455,0.006107064613952488,1.2391799276820926e-05
square grid m x m,6,60,0.6071827398858208,0.24207636974336944,0.009794152293983168,4.709393683237593e-06
square grid m x m,7,84,0.6099729229120395,0.25746884489294236,0.0066335544326753225,9.076551692595154e-06
square grid m x m,8,112,0.6148396676839892,0.24665032718173865,0.009299963323538109,6.9285770411812575e-06
square grid m x m,9,144,0.6202514467801566,0.23618773732555645,0.007071918344497143,4.803669916390784e-06
square grid m x m,10,180,0.6256753029703896,0.2550284364970337,0.008734630744133741,7.677494544810107e-06
square grid m x m,11,220,0.6308611710445772,0.2728051793405684,0.009056597871430021,1.0882941861218173e-05
square grid m x m,12,264,0.6357169174617584,0.27583078310830544,0.009728325964433885,1.2303350467841126e-05
square grid m x m,13,312,0.6402169319388175,0.2559293858697677,0.0098922267306288,6.990355232581481e-06
square grid m x m,14,364,0.6443678118177756,0.26535413656252405,0.008975329371505584,1.512543489306434e-05
"triangular grid (m,m)",1,3,0.9999999999999997,0.9999999999999996,0.9999999999999988,0.9999999999999902
"triangular grid (m,m)",2,9,0.5303966068132239,0.2580052453320098,0.012080025769617909,4.7127352428759093e-05
"triangular grid (m,m)",3,18,0.4455255542410043,0.16740163368129676,0.00779283288643379,4.348213981792016e-05
"triangular grid (m,m)",4,30,0.4177751748614853,0.19994814672229072,0.008129778533620654,2.5500050683981294e-05
"triangular grid (m,m)",5,45,0.4024062002026981,0.208223530527463,0.003957701313574753,8.211244165691886e-06
"triangular grid (m,m)",6,63,0.3976390152660346,0.20384468057958674,0.015958818906290587,1.4176232264470851e-05
"triangular grid (m,m)",7,84,0.3969391251685909,0.1865417527626832,0.00859141361395222,2.222179192536716e-05
"triangular grid (m,m)",8,108,0.3986280544200165,0.18666724044835972,0.009291997407013945,8.192243751906133e-06
"triangular grid (m,m)",9,135,0.40148778641571703,0.21845320649909764,0.013060240906037406,2.7024235469358104e-05
"triangular grid (m,m)",10,165,0.4049443344429294,0.201770702319019,0.010781020335739806,1.626231264093204e-05
hypercube Q_d,2,4,0.9999999999999996,0.4773579741375368,0.008319870955658951,2.5560475876074212e-05
hypercube Q_d,3,12,0.7857142857142848,0.32420180170100577,0.00807298162342957,2.1668024709533712e-05
hypercube Q_d,4,32,0.6888888888888896,0.35286208335117225,0.018051122907521245,2.2016830169348786e-05
hypercube Q_d,5,80,0.6370967741935444,0.3059620436957054,0.021730954898809503,0.00020245417379030061
hypercube Q_d,6,192,0.6063492063491915,0.34962589650011316,0.05455212357966906,0.0005385144810870233
hypercube Q_d,7,448,0.5866141732283365,0.34600801048061763,0.061688646848477476,0.0007993830762305816
