family,param,vertices,edges,gap_uniform,gap_min_random,signature_1_n-1
complete K_n,3,3,3,0.49999999999999983,0.4999999999999998,True
complete K_n,4,4,6,0.12499999999999992,0.08737725009000857,True
complete K_n,5,5,10,0.06666666666666664,0.03946178094138892,True
complete K_n,6,6,15,0.041666666666666456,0.02368983235408835,True
complete K_n,7,7,21,0.028571428571428175,0.017176931287159268,True
complete K_n,8,8,28,0.020833333333333304,0.011356927564200826,True
complete K_n,9,9,36,0.015873015873015702,0.009217905023264252,True
complete K_n,10,10,45,0.012499999999999683,0.007518004894824142,True
complete K_n,11,11,55,0.010101010101009904,0.006127020785318052,True
complete K_n,12,12,66,0.008333333333333132,0.004973366295343789,True
complete K_n,13,13,78,0.006993006993006772,0.004214598093045457,True
complete K_n,14,14,91,0.005952380952380521,0.0036719269376685897,True
complete K_n,15,15,105,0.005128205128204655,0.0033669519708869025,True
complete K_n,16,16,120,0.004464285714285414,0.002765449440245351,True
complete K_n,17,17,136,0.0039215686274508285,0.0026450346668110843,True
complete K_n,18,18,153,0.003472222222221946,0.0022226489567298766,True
complete K_n,19,19,171,0.003095975232197917,0.001960302906330925,True
complete K_n,20,20,190,0.002777777777777264,0.0018769655254451366,True
complete K_n,21,21,210,0.002506265664160101,0.00166108927502524,True
complete K_n,22,22,231,0.002272727272726961,0.0014974021430794627,True
"bipartite K_{m,m}",2,4,4,0.3333333333333331,0.15058508204962,True
"bipartite K_{m,m}",3,6,9,0.09999999999999984,0.06522955980731525,True
"bipartite K_{m,m}",4,8,16,0.0476190476190475,0.029509046607825037,True
"bipartite K_{m,m}",5,10,25,0.027777777777777745,0.0158617960357431,True
"bipartite K_{m,m}",6,12,36,0.018181818181818042,0.010879172660725332,True
"bipartite K_{m,m}",7,14,49,0.012820512820512628,0.00815979291820196,True
"bipartite K_{m,m}",8,16,64,0.009523809523809336,0.005904410238484735,True
"bipartite K_{m,m}",9,18,81,0.007352941176470357,0.005053032599357227,True
"bipartite K_{m,m}",10,20,100,0.005847953216373994,0.003763508370088307,True
"bipartite K_{m,m}",11,22,121,0.004761904761904622,0.0031213984856592446,True
"bipartite K_{m,m}",12,24,144,0.00395256916995971,0.002636821843642675,True
"bipartite K_{m,m}",13,26,169,0.003333333333332893,0.0021227092786711694,True
"bipartite K_{m,m}",14,28,196,0.0028490028490025607,0.0019473471632780544,True
"bipartite K_{m,m}",15,30,225,0.0024630541871918125,0.0017257593977337748,True
cycle C_n,3,3,3,0.49999999999999983,0.4999999999999997,True
cycle C_n,9,9,9,0.1249999999999998,0.027239704980503248,True
cycle C_n,15,15,15,0.07142857142857138,0.016705201024320653,True
cycle C_n,21,21,21,0.04999999999999991,0.010137999789863704,True
cycle C_n,27,27,27,0.03846153846153825,0.008566145681539673,True
cycle C_n,33,33,33,0.031249999999999754,0.005934154684768514,True
cycle C_n,39,39,39,0.026315789473684008,0.005597662361897854,True
cycle C_n,45,45,45,0.022727272727272315,0.005200341765668557,True
cycle C_n,51,51,51,0.019999999999999744,0.00456752608227366,True
cycle C_n,57,57,57,0.01785714285714255,0.004129979808598264,True
cycle C_n,63,63,63,0.016129032258064262,0.003358536200126453,True
cycle C_n,69,69,69,0.014705882352940737,0.0034795820274545774,True
cycle C_n,75,75,75,0.013513513513513244,0.003137574949513521,True
cycle C_n,81,81,81,0.012499999999999643,0.0023950959682177307,True
cycle C_n,87,87,87,0.011627906976743941,0.002690491080501536,True
cycle C_n,93,93,93,0.010869565217390522,0.0024260619884807007,True
cycle C_n,99,99,99,0.010204081632652639,0.0022984057489121436,True
cycle C_n,105,105,105,0.009615384615384118,0.00210375169460956,True
cycle C_n,111,111,111,0.009090909090908638,0.002106552439497566,True
cycle C_n,117,117,117,0.008620689655172119,0.0019239407356446633,True
square grid m x m,2,4,4,0.3333333333333332,0.1609814751402408,True
square grid m x m,3,9,12,0.06204874402736745,0.02792524676763739,True
square grid m x m,4,16,24,0.027457805899247675,0.013353302409509044,True
square grid m x m,5,25,40,0.01560876231069869,0.007823982731878959,True
square grid m x m,6,36,60,0.010291232879420693,0.004817509364650669,True
square grid m x m,7,49,84,0.007349071360386018,0.0030231696753462013,True
square grid m x m,8,64,112,0.005539096105261165,0.0026850248744704126,True
square grid m x m,9,81,144,0.004337422704756341,0.0022475808855385,True
square grid m x m,10,100,180,0.003495392754024523,0.0017035411277094438,True
square grid m x m,11,121,220,0.0028806446166419046,0.001447044327364686,True
square grid m x m,12,144,264,0.0024171745911093475,0.0011961248594594461,True
square grid m x m,13,169,312,0.0020585753438547186,0.0009720300491064697,True
square grid m x m,14,196,364,0.0017751179388919437,0.0008269920651664728,True
"triangular grid (m,m)",1,3,3,0.49999999999999983,0.49999999999999967,True
"triangular grid (m,m)",2,6,9,0.06629957585165298,0.03494431551603275,True
"triangular grid (m,m)",3,10,18,0.02620738554358849,0.01484232386903846,True
"triangular grid (m,m)",4,15,30,0.01440604051246501,0.008640613636375683,True
"triangular grid (m,m)",5,21,45,0.009145595459152231,0.0047341604335252585,True
"triangular grid (m,m)",6,28,63,0.006413532504290881,0.0036802581405393974,True
"triangular grid (m,m)",7,36,84,0.004782399098416758,0.002399872852261386,True
"triangular grid (m,m)",8,45,108,0.0037254958357010887,0.0022221507752588254,True
"triangular grid (m,m)",9,55,135,0.002996177510565053,0.0018373876867168223,True
"triangular grid (m,m)",10,66,165,0.0024691727709934717,0.0014587493651615968,True
hypercube Q_d,2,4,4,0.3333333333333332,0.17963652363624277,True
hypercube Q_d,3,8,12,0.07142857142857136,0.03544640444608275,True
hypercube Q_d,4,16,32,0.022222222222222244,0.012665749855501444,True
hypercube Q_d,5,32,80,0.008064516129032208,0.005310055130431103,True
hypercube Q_d,6,64,192,0.0031746031746030974,0.0018804085791058658,True
hypercube Q_d,7,128,448,0.0013123359580052272,0.0007805194548822876,True
